"siteID","namedLocation","collectDate","Aeolosomatida","Amphipoda","Anthoathecatae","Architaenioglossa","Arhynchobdellida","Basommatophora","Branchiobdellida","Coleoptera","Collembola","Decapoda","Diptera","Enchytraeida","Ephemeroptera","Haplotaxida","Hemiptera","Heterostropha","Hirudinea","Hoplonemertea","Hygrophila","Hymenoptera","Isopoda","Lepidoptera","Littorinimorpha","Lumbriculida","Megaloptera","Neoophora","Neotaenioglossa","Odonata","Opisthopora","Plecoptera","Rhynchobdellida","Sarcoptiformes","Seriata","Tanaidacea","Trichoptera","Trombidiformes","Tubificida","Veneroida","decimalLatitude","decimalLongitude","aquaticSiteType","elevation"
"ARIK","ARIK.AOS.reach",2014-07-14 17:51:00,0,0,3,0,0,15,0,42,7,0,211,0,27,0,27,0,0,0,0,0,0,1,0,107,0,0,0,24,0,0,25,4,0,114,0,33,20,116,39.758206,-102.447148,"stream",1179.5
"ARIK","ARIK.AOS.reach",2014-09-29 18:20:00,0,0,1,0,1,1,0,5,54,0,55,0,10,0,2,0,0,0,0,0,0,1,0,0,0,0,0,9,0,0,1,8,0,0,0,45,0,40,39.758206,-102.447148,"stream",1179.5
"ARIK","ARIK.AOS.reach",2015-03-25 17:15:00,0,0,1,0,0,6,0,7,0,0,336,12,2,0,1,0,0,0,0,0,0,1,0,3,0,0,0,19,0,0,0,0,0,0,11,59,13,35,39.758206,-102.447148,"stream",1179.5
"ARIK","ARIK.AOS.reach",2015-07-14 14:55:00,0,0,0,0,1,0,0,14,0,0,82,0,2,0,1,0,0,0,0,0,0,0,0,0,0,0,0,2,0,0,3,0,0,1,0,2,1,4,39.758206,-102.447148,"stream",1179.5
"ARIK","ARIK.AOS.reach",2016-03-31 15:41:00,0,0,0,0,2,2,0,2,0,0,210,12,0,0,0,0,0,0,0,0,0,0,0,0,0,0,0,1,0,0,0,0,0,0,4,4,34,14,39.758206,-102.447148,"stream",1179.5
"ARIK","ARIK.AOS.reach",2016-07-13 15:24:00,0,0,0,0,2,73,0,43,6,4,647,8,41,0,3,0,0,0,0,0,0,2,0,3,0,0,0,106,0,0,6,9,0,0,1,17,77,67,39.758206,-102.447148,"stream",1179.5
"ARIK","ARIK.AOS.reach",2016-09-19 22:06:00,0,0,8,0,0,8,0,7,86,0,171,0,11,0,1,0,0,0,0,0,0,2,0,0,0,0,0,13,0,0,2,0,0,0,0,3,11,76,39.758206,-102.447148,"stream",1179.5
"ARIK","ARIK.AOS.reach",2017-03-22 15:30:00,0,0,2,0,0,44,0,2,0,0,948,162,5,0,0,0,0,0,0,0,0,0,0,61,0,0,0,5,0,0,0,0,0,0,25,1,379,230,39.758206,-102.447148,"stream",1179.5
"ARIK","ARIK.AOS.reach",2017-07-12 17:27:00,0,2,0,0,0,22,0,15,3,1,1495,16,234,0,10,0,0,0,0,0,0,0,0,16,0,0,0,32,0,0,4,2,0,1,3,3,147,28,39.758206,-102.447148,"stream",1179.5
"ARIK","ARIK.AOS.reach",2017-10-10 15:05:00,0,0,0,0,1,17,0,5,3,0,754,256,3,0,6,0,0,0,0,0,0,0,0,12,0,0,0,3,0,0,0,1,0,0,11,2,184,95,39.758206,-102.447148,"stream",1179.5
"ARIK","ARIK.AOS.reach",2018-03-20 14:39:00,0,0,0,0,0,9,0,6,1,0,877,89,1,0,0,0,0,0,0,0,0,0,0,19,0,0,0,16,0,0,0,5,0,1,3,2,267,140,39.758206,-102.447148,"stream",1179.5
"ARIK","ARIK.AOS.reach",2018-07-12 13:00:00,0,39,0,0,1,141,0,23,8,0,912,40,219,0,9,0,0,1,0,0,0,0,0,4,0,0,0,67,0,1,8,4,0,11,0,49,197,119,39.758206,-102.447148,"stream",1179.5
"ARIK","ARIK.AOS.reach",2018-10-02 13:26:00,0,0,0,0,0,40,0,25,1,0,1131,20,45,0,0,0,0,0,0,0,0,0,0,6,0,0,0,5,0,0,0,0,0,1,9,12,313,72,39.758206,-102.447148,"stream",1179.5
"BARC","BARC.AOS.buoy.c0",2016-03-07 15:03:00,0,0,0,0,0,0,0,0,0,0,170,0,0,0,0,0,0,0,0,0,0,0,0,0,0,0,0,0,0,0,0,0,0,0,0,0,2,0,29.675982,-82.008414,"lake",27
"BARC","BARC.AOS.buoy.c0",2016-07-11 16:40:00,0,0,0,0,0,0,0,0,0,0,105,0,0,0,0,0,0,0,0,0,0,0,0,0,0,0,0,0,0,0,0,0,0,0,0,0,1,0,29.675982,-82.008414,"lake",27
"BARC","BARC.AOS.inlet",2016-03-07 15:03:00,0,0,0,0,0,0,0,0,0,0,72,0,0,0,0,0,0,0,0,0,0,0,0,0,0,0,0,0,0,0,0,7,0,0,2,0,10,0,29.677477,-82.007714,"lake",26.9
"BARC","BARC.AOS.inlet",2016-07-11 16:40:00,0,0,0,0,0,0,0,0,0,0,26,0,0,0,0,0,0,0,0,0,0,0,0,0,0,0,0,0,0,0,0,0,0,0,2,1,1,0,29.677477,-82.007714,"lake",26.9
"BARC","BARC.AOS.outlet",2016-03-07 15:03:00,0,8,0,0,0,0,0,0,0,0,190,0,1,0,0,0,0,0,0,0,0,0,0,0,0,0,0,1,0,0,0,0,0,0,12,2,2,0,29.674748,-82.008404,"lake",27.1
"BARC","BARC.AOS.outlet",2016-07-11 16:40:00,0,10,0,0,0,0,0,0,0,0,138,0,8,0,0,0,0,0,0,0,0,0,0,0,0,0,0,1,0,0,0,61,0,0,12,3,9,0,29.674748,-82.008404,"lake",27.1
"BARC","BARC.AOS.riparian.point.01",2016-03-07 15:03:00,0,53,0,0,0,0,0,0,8,0,91,0,1,0,4,0,0,0,0,0,0,0,0,0,0,0,0,10,0,0,0,102,0,0,7,8,15,0,29.677784,-82.00767,"lake",24.7
"BARC","BARC.AOS.riparian.point.01",2016-07-11 16:40:00,0,11,0,0,0,0,0,1,1,0,46,0,2,0,0,0,0,0,0,0,0,0,0,0,0,0,0,5,0,0,0,229,0,0,8,1,25,0,29.677784,-82.00767,"lake",24.7
"BARC","BARC.AOS.riparian.point.03",2016-03-07 15:03:00,0,51,0,0,0,0,0,0,17,1,96,0,8,0,0,0,0,0,0,0,0,0,0,0,0,0,0,13,0,0,0,86,0,0,4,8,9,0,29.676118,-82.006564,"lake",22.2
"BARC","BARC.AOS.riparian.point.03",2016-07-11 16:40:00,0,14,0,0,0,0,0,0,0,0,39,0,23,0,0,0,0,0,0,0,0,0,0,0,0,0,0,11,0,0,0,203,0,0,8,10,4,0,29.676118,-82.006564,"lake",22.2
"BARC","BARC.AOS.riparian.point.05",2016-03-07 15:03:00,0,97,0,0,0,0,0,2,8,0,49,0,7,0,2,0,0,0,0,0,0,0,0,0,0,0,0,9,0,0,0,102,0,0,1,11,7,0,29.674476,-82.007454,"lake",25.9
"BARC","BARC.AOS.riparian.point.05",2016-07-11 16:40:00,0,7,0,0,0,1,0,0,0,0,66,0,7,0,1,0,0,0,0,0,0,0,0,0,0,0,0,4,0,0,0,196,0,0,11,0,21,0,29.674476,-82.007454,"lake",25.9
"BARC","BARC.AOS.riparian.point.07",2016-03-07 15:03:00,0,93,0,0,0,0,0,1,2,0,87,0,6,0,1,0,0,0,0,0,0,0,0,0,0,0,0,17,0,0,0,58,0,0,9,15,20,0,29.674953,-82.009818,"lake",26.4
"BARC","BARC.AOS.riparian.point.07",2016-07-11 16:40:00,0,0,0,0,0,3,0,0,2,0,82,0,8,0,0,0,0,0,0,0,0,0,0,0,0,0,0,9,0,0,0,179,0,0,12,1,4,0,29.674953,-82.009818,"lake",26.4
"BARC","BARC.AOS.riparian.point.09",2016-03-07 15:03:00,0,29,0,0,0,1,0,0,16,0,69,0,3,0,0,0,0,0,0,0,0,0,0,0,0,0,0,13,0,0,0,64,0,0,15,5,30,0,29.676597,-82.009967,"lake",19.5
"BARC","BARC.AOS.riparian.point.09",2016-07-11 16:40:00,0,4,0,0,0,1,0,0,1,0,29,0,3,0,1,0,0,0,0,0,0,0,0,0,0,0,0,12,0,0,0,202,0,0,10,8,3,0,29.676597,-82.009967,"lake",19.5
"BIGC","BIGC.AOS.reach",2018-05-07 17:37:00,0,0,0,0,0,0,0,142,0,0,548,6,173,0,0,0,0,0,0,0,0,0,0,0,0,0,0,18,0,90,0,0,0,0,307,31,17,0,37.059719,-119.257549,"stream",1197
"BIGC","BIGC.AOS.reach",2018-07-18 17:23:00,0,0,1,0,0,0,0,96,0,0,1240,9,718,0,0,0,0,0,0,0,0,0,0,0,2,0,0,3,0,53,0,6,0,0,342,31,11,1,37.059719,-119.257549,"stream",1197
"BIGC","BIGC.AOS.reach",2018-09-24 17:18:00,1,0,0,0,0,0,0,202,0,0,810,6,1264,0,0,0,0,0,0,1,0,0,0,0,0,0,0,14,0,124,0,0,0,4,226,59,15,0,37.059719,-119.257549,"stream",1197
"BLDE","BLDE.AOS.reach",2018-05-02 15:05:00,0,0,0,0,0,0,0,306,4,0,999,25,833,0,0,0,0,0,0,0,0,0,0,0,1,2,0,0,0,67,0,2,0,5,98,48,28,2,44.95011,-110.58715,"stream",2053
"BLDE","BLDE.AOS.reach",2018-07-18 15:05:00,0,0,0,0,0,0,0,917,2,0,521,23,465,0,0,0,0,0,0,0,0,0,0,0,1,9,0,0,0,187,0,0,0,2,210,111,4,1,44.95011,-110.58715,"stream",2053
"BLDE","BLDE.AOS.reach",2018-09-05 15:56:00,0,0,0,0,0,0,0,748,0,0,784,38,478,0,0,0,0,0,0,0,0,0,0,0,0,1,0,0,0,157,0,0,0,0,214,155,8,0,44.95011,-110.58715,"stream",2053
"BLUE","BLUE.AOS.reach",2017-07-12 17:26:00,0,4,2,0,0,1,0,140,1,0,504,0,465,0,1,0,0,4,0,0,0,9,3,0,0,0,0,7,0,0,0,3,0,5,239,153,139,48,34.444218,-96.624201,"stream",289
"BLUE","BLUE.AOS.reach",2017-10-17 15:33:00,1,0,0,0,0,1,0,148,0,0,800,0,870,0,0,0,0,6,0,0,0,24,5,0,1,0,0,8,0,0,0,0,0,53,195,116,133,111,34.444218,-96.624201,"stream",289
"BLUE","BLUE.AOS.reach",2018-03-12 18:05:00,3,0,2,0,0,1,0,115,0,0,1190,3,485,0,0,0,0,0,0,0,1,0,0,0,0,0,1,1,0,4,0,0,0,33,75,102,292,7,34.444218,-96.624201,"stream",289
"BLUE","BLUE.AOS.reach",2018-07-10 17:27:00,0,0,0,0,1,0,0,216,0,1,360,2,824,0,0,0,0,0,0,0,0,47,7,0,6,0,0,2,0,0,0,0,0,5,373,210,158,246,34.444218,-96.624201,"stream",289
"CARI","CARI.AOS.reach",2016-07-11 21:15:00,1,36,0,0,0,0,0,0,20,0,539,81,652,0,0,0,0,0,0,0,0,0,0,300,0,0,0,0,0,102,0,22,0,0,6,4,94,0,65.153224,-147.503973,"stream",224.9
"CARI","CARI.AOS.reach",2016-08-23 19:25:00,0,12,0,0,0,0,0,0,9,0,332,25,146,0,0,0,0,0,0,0,0,0,0,72,0,0,0,0,0,107,0,12,0,0,6,3,13,0,65.153224,-147.503973,"stream",224.9
"CARI","CARI.AOS.reach",2017-05-15 21:24:00,0,5,0,0,0,0,0,1,10,0,742,51,686,0,0,0,0,0,0,0,0,0,0,73,0,0,0,0,0,105,0,3,0,0,12,2,42,0,65.153224,-147.503973,"stream",224.9
"CARI","CARI.AOS.reach",2017-07-10 18:21:00,8,15,0,0,0,0,0,0,29,0,1041,48,571,0,0,0,0,0,0,0,0,6,0,143,0,0,0,0,0,239,0,38,0,0,14,2,73,0,65.153224,-147.503973,"stream",224.9
"CARI","CARI.AOS.reach",2017-08-22 19:20:00,13,14,0,0,0,0,0,0,7,0,742,103,373,0,0,0,0,0,0,0,0,0,0,153,0,0,0,0,0,730,0,7,0,0,12,4,53,0,65.153224,-147.503973,"stream",224.9
"CARI","CARI.AOS.reach",2018-05-23 20:00:00,0,3,0,0,0,0,0,0,1,0,154,82,190,0,0,0,0,0,0,0,0,0,0,23,0,0,0,0,0,12,0,2,0,0,2,0,81,0,65.153224,-147.503973,"stream",224.9
"CARI","CARI.AOS.reach",2018-07-16 19:20:00,7,11,0,0,0,0,0,0,8,0,787,70,421,0,0,0,0,0,0,0,0,0,0,149,0,0,0,0,0,176,0,8,0,1,19,6,79,1,65.153224,-147.503973,"stream",224.9
"CARI","CARI.AOS.reach",2018-08-20 19:12:00,3,6,0,0,0,0,0,0,3,0,479,162,159,0,0,0,0,0,0,0,0,2,0,85,0,0,0,0,0,239,0,13,0,0,35,5,277,0,65.153224,-147.503973,"stream",224.9
"COMO","COMO.AOS.reach",2015-09-10 17:06:00,0,0,0,0,0,0,0,12,3,0,411,16,69,0,0,0,0,0,0,0,0,0,0,1,0,16,0,0,0,160,0,0,0,0,39,59,15,2,40.034962,-105.544164,"stream",3021.6
"COMO","COMO.AOS.reach",2016-09-06 16:05:00,0,0,0,0,0,0,0,36,2,0,1181,6,246,0,0,0,0,0,0,0,0,0,0,0,0,8,0,0,3,305,0,0,0,12,43,216,2,5,40.034962,-105.544164,"stream",3021.6
"COMO","COMO.AOS.reach",2017-08-03 15:29:00,0,0,0,0,0,0,0,48,10,0,1350,38,141,0,0,0,0,0,0,0,0,0,0,1,0,22,0,0,0,225,0,7,0,5,17,76,19,51,40.034962,-105.544164,"stream",3021.6
"COMO","COMO.AOS.reach",2017-08-30 15:26:00,0,0,0,0,0,0,0,30,18,0,1423,25,267,0,0,0,0,0,0,0,0,0,0,0,0,17,0,0,0,292,0,1,0,14,14,107,42,106,40.034962,-105.544164,"stream",3021.6
"COMO","COMO.AOS.reach",2018-06-05 16:06:00,0,0,0,0,0,0,0,10,5,0,747,65,236,0,0,0,0,0,0,0,0,0,0,0,0,10,0,0,0,299,0,1,0,8,33,103,54,251,40.034962,-105.544164,"stream",3021.6
"COMO","COMO.AOS.reach",2018-08-07 15:52:00,0,0,0,0,0,0,0,12,13,0,1827,39,100,0,1,0,0,0,0,0,0,0,0,0,0,6,0,0,0,173,0,5,0,23,12,116,41,14,40.034962,-105.544164,"stream",3021.6
"COMO","COMO.AOS.reach",2018-08-29 14:39:00,0,0,0,0,0,0,0,11,40,0,1758,22,101,0,0,0,0,0,0,0,0,0,0,0,0,0,0,0,0,176,0,0,0,12,9,100,59,50,40.034962,-105.544164,"stream",3021.6
"CRAM","CRAM.AOS.buoy.c0",2015-09-16 16:00:00,0,0,0,0,0,0,0,0,0,0,2,0,0,0,0,0,0,0,0,0,0,0,0,0,0,0,0,0,0,0,0,0,0,0,0,0,0,0,46.210592,-89.476861,"lake",509
"CRAM","CRAM.AOS.buoy.c0",2016-04-29 14:30:00,0,0,0,0,0,0,0,0,0,0,172,0,0,0,0,0,0,0,0,0,0,0,0,0,0,0,0,0,0,0,0,0,0,0,0,0,0,0,46.210592,-89.476861,"lake",509
"CRAM","CRAM.AOS.buoy.c0",2016-07-07 14:30:00,0,0,0,0,0,0,0,0,0,0,1,0,0,0,0,0,0,0,0,0,0,0,0,0,0,0,0,0,0,0,0,0,0,0,0,0,0,0,46.210592,-89.476861,"lake",509
"CRAM","CRAM.AOS.inlet",2015-09-16 16:00:00,0,0,0,0,1,0,0,0,0,0,278,0,10,0,0,0,0,0,0,0,0,1,0,0,0,0,1,2,0,0,0,0,0,1,26,0,0,1,46.207952,-89.476174,"lake",511.7
"CRAM","CRAM.AOS.inlet",2016-04-29 14:30:00,0,0,0,0,0,0,0,0,0,0,145,10,3,0,0,0,0,0,0,0,0,0,0,0,0,0,0,0,0,0,0,0,0,0,4,0,0,0,46.207952,-89.476174,"lake",511.7
"CRAM","CRAM.AOS.inlet",2016-07-07 14:30:00,0,0,0,0,0,0,0,0,0,0,250,1,1,0,0,0,0,0,0,0,0,0,0,2,0,0,0,1,0,0,0,1,0,0,3,2,1,36,46.207952,-89.476174,"lake",511.7
"CRAM","CRAM.AOS.outlet",2015-09-16 16:00:00,0,0,0,0,0,0,0,0,0,0,121,0,0,0,0,0,0,0,0,0,0,0,0,0,0,0,0,0,0,0,1,0,0,0,4,3,0,1,46.211998,-89.474475,"lake",511.8
"CRAM","CRAM.AOS.outlet",2016-04-29 14:30:00,0,0,0,0,0,0,0,0,1,0,294,0,3,0,0,0,0,0,0,0,0,0,0,0,0,0,1,2,0,0,0,0,0,1,7,0,1,0,46.211998,-89.474475,"lake",511.8
"CRAM","CRAM.AOS.outlet",2016-07-07 14:30:00,0,0,0,0,0,0,0,0,0,0,121,0,0,0,0,0,0,0,0,0,0,0,0,0,0,0,0,0,0,0,0,0,0,0,1,0,0,0,46.211998,-89.474475,"lake",511.8
"CRAM","CRAM.AOS.riparian.point.01",2015-09-16 16:00:00,0,0,3,0,0,0,0,0,9,0,219,0,14,0,0,0,0,0,0,0,0,1,0,0,0,0,0,10,0,0,0,0,0,2,22,1,15,0,46.211208,-89.478274,"lake",511
"CRAM","CRAM.AOS.riparian.point.01",2016-04-29 14:30:00,0,0,0,0,0,1,0,0,0,0,254,0,9,0,0,0,0,0,0,0,0,0,0,0,0,0,0,0,0,0,0,0,0,17,7,2,112,0,46.211208,-89.478274,"lake",511
"CRAM","CRAM.AOS.riparian.point.01",2016-07-07 14:30:00,0,0,0,0,0,1,0,0,2,0,278,0,6,0,0,0,0,0,0,0,0,0,0,0,0,0,0,5,0,0,0,0,0,0,6,2,0,0,46.211208,-89.478274,"lake",511
"CRAM","CRAM.AOS.riparian.point.03",2015-09-16 16:00:00,0,0,5,0,0,0,0,0,0,0,305,0,5,0,0,0,0,0,0,0,0,0,0,0,0,0,0,2,0,0,0,0,0,8,11,1,7,5,46.211728,-89.47091,"lake",510.6
"CRAM","CRAM.AOS.riparian.point.03",2016-04-29 14:30:00,0,0,0,0,0,0,0,0,0,0,269,0,6,0,1,0,0,0,0,0,0,0,0,0,0,0,0,0,1,0,0,0,0,2,4,1,18,0,46.211728,-89.47091,"lake",510.6
"CRAM","CRAM.AOS.riparian.point.03",2016-07-07 14:30:00,0,0,0,0,0,0,0,0,0,0,212,0,1,0,0,0,0,0,0,0,0,0,0,0,0,0,0,15,0,0,0,36,0,0,10,2,1,23,46.211728,-89.47091,"lake",510.6
"CRAM","CRAM.AOS.riparian.point.05",2015-09-16 16:00:00,0,0,1,0,0,0,0,0,3,0,248,0,29,0,0,0,0,0,0,0,0,0,0,0,0,0,1,2,0,0,0,0,0,3,35,1,15,3,46.208228,-89.47127,"lake",510.4
"CRAM","CRAM.AOS.riparian.point.05",2016-04-29 14:30:00,0,0,0,0,0,0,0,0,0,0,229,0,23,0,0,0,0,0,0,0,0,0,0,0,0,0,0,4,0,0,0,0,0,11,11,3,18,0,46.208228,-89.47127,"lake",510.4
"CRAM","CRAM.AOS.riparian.point.05",2016-07-07 14:30:00,0,0,1,0,0,0,0,0,2,0,229,0,2,0,0,0,0,0,0,0,0,0,0,0,0,0,0,5,0,0,0,6,0,1,4,4,4,0,46.208228,-89.47127,"lake",510.4
"CRAM","CRAM.AOS.riparian.point.07",2015-09-16 16:00:00,0,0,2,0,0,1,0,3,0,0,225,0,47,0,0,0,0,0,0,0,0,0,0,0,0,0,0,5,0,0,1,0,0,1,61,1,5,1,46.207433,-89.47522,"lake",514.4
"CRAM","CRAM.AOS.riparian.point.07",2016-04-29 14:30:00,0,0,0,0,0,0,0,0,0,0,311,0,29,0,0,0,0,0,0,0,0,0,0,0,0,0,0,5,0,0,0,0,0,8,21,60,67,0,46.207433,-89.47522,"lake",514.4
"CRAM","CRAM.AOS.riparian.point.07",2016-07-07 14:30:00,0,0,0,0,0,0,0,0,1,0,236,0,3,0,0,0,0,0,0,0,0,0,0,0,0,0,0,6,0,0,0,32,0,1,6,10,0,0,46.207433,-89.47522,"lake",514.4
"CRAM","CRAM.AOS.riparian.point.09",2015-09-16 16:00:00,0,0,3,0,0,0,0,0,1,0,209,0,16,0,24,0,0,0,0,0,0,0,0,0,0,0,0,2,0,0,0,0,0,2,19,3,9,0,46.206543,-89.476401,"lake",510.5
"CRAM","CRAM.AOS.riparian.point.09",2016-04-29 14:30:00,0,0,0,0,0,0,0,0,0,0,257,0,9,0,0,0,0,0,0,0,0,0,0,0,0,0,0,2,0,0,0,0,0,14,17,15,41,0,46.206543,-89.476401,"lake",510.5
"CRAM","CRAM.AOS.riparian.point.09",2016-07-07 14:30:00,0,0,0,0,0,0,0,0,25,0,226,0,4,0,0,0,0,0,0,0,0,0,0,0,0,0,0,3,0,0,0,10,0,2,16,1,4,0,46.206543,-89.476401,"lake",510.5
"CUPE","CUPE.AOS.reach",2015-05-08 12:30:00,0,0,0,0,0,0,0,381,1,0,655,0,134,0,1,0,0,0,0,0,0,70,0,0,0,0,0,5,0,0,0,0,0,0,419,27,0,0,18.11352,-66.98676,"stream",157
"CUPE","CUPE.AOS.reach",2015-05-08 16:00:00,0,0,0,1,0,0,0,397,2,1,442,0,300,0,0,0,0,0,0,0,0,82,0,0,0,1,0,9,0,1,0,0,0,0,255,33,0,0,18.11352,-66.98676,"stream",157
"CUPE","CUPE.AOS.reach",2015-06-24 16:30:00,0,0,0,0,0,0,0,229,0,2,416,0,45,0,1,0,0,0,0,0,0,170,0,0,0,1,0,28,0,0,0,0,0,0,226,7,0,0,18.11352,-66.98676,"stream",157
"CUPE","CUPE.AOS.reach",2015-11-18 11:30:00,0,0,0,0,0,0,0,51,1,1,39,1,46,0,1,0,0,0,0,0,0,0,0,0,0,0,0,0,0,0,0,0,0,0,35,5,0,0,18.11352,-66.98676,"stream",157
"CUPE","CUPE.AOS.reach",2016-01-29 11:20:00,0,0,0,0,0,0,0,266,3,2,398,0,171,0,2,0,0,0,0,0,0,20,0,0,0,0,0,8,0,0,0,0,0,0,376,14,0,0,18.11352,-66.98676,"stream",157
"CUPE","CUPE.AOS.reach",2016-06-22 11:50:00,0,0,0,0,0,0,0,102,9,9,325,0,272,0,0,0,0,0,0,0,0,12,0,0,0,0,0,31,0,0,0,0,0,0,405,7,1,0,18.11352,-66.98676,"stream",157
"CUPE","CUPE.AOS.reach",2017-01-25 11:42:00,0,1,0,0,0,0,0,201,3,3,461,0,100,0,0,0,0,0,0,0,0,6,0,0,0,0,0,7,0,0,0,0,0,2,85,11,1,0,18.11352,-66.98676,"stream",157
"CUPE","CUPE.AOS.reach",2017-06-28 11:34:00,0,0,0,0,0,0,0,189,3,2,670,0,325,0,1,0,0,0,0,0,0,1,0,0,0,0,0,28,0,0,0,0,0,0,189,2,0,0,18.11352,-66.98676,"stream",157
"CUPE","CUPE.AOS.reach",2017-11-14 11:40:00,0,1,0,0,0,0,0,80,39,2,934,1,146,0,0,0,0,0,0,0,0,0,0,0,0,0,0,1,0,0,0,1,0,0,55,2,0,0,18.11352,-66.98676,"stream",157
"CUPE","CUPE.AOS.reach",2018-01-23 11:21:00,0,0,0,0,0,0,0,292,0,4,401,0,436,0,1,0,0,0,0,0,1,3,0,0,0,0,0,18,0,0,0,1,0,0,55,6,0,0,18.11352,-66.98676,"stream",157
"CUPE","CUPE.AOS.reach",2018-06-19 11:32:00,0,0,0,0,0,0,0,271,0,0,686,0,544,0,1,0,0,0,0,0,0,130,0,0,0,0,0,16,0,0,0,0,0,0,102,0,0,0,18.11352,-66.98676,"stream",157
"GUIL","GUIL.AOS.reach",2015-05-20 14:00:00,0,0,0,0,0,8,0,583,0,0,619,0,27,0,0,0,0,0,0,0,0,255,0,0,0,0,0,7,0,0,0,4,0,11,1145,1,2,0,18.17406,-66.79868,"stream",550.7
"GUIL","GUIL.AOS.reach",2015-07-08 13:16:00,1,0,0,0,0,30,0,692,0,0,1046,0,33,0,1,0,0,0,0,0,0,454,0,0,0,0,0,15,0,0,2,0,0,9,787,0,34,0,18.17406,-66.79868,"stream",550.7
"GUIL","GUIL.AOS.reach",2015-12-01 12:30:00,0,0,0,0,0,0,0,318,2,0,1579,3,40,0,0,0,0,0,0,0,0,85,0,0,0,0,0,17,0,0,0,0,0,1,346,0,5,0,18.17406,-66.79868,"stream",550.7
"GUIL","GUIL.AOS.reach",2016-02-02 12:15:00,1,0,0,0,0,5,0,729,2,0,767,0,41,0,0,0,1,0,0,0,0,484,0,0,0,0,0,22,0,0,0,0,0,14,2393,0,33,0,18.17406,-66.79868,"stream",550.7
"GUIL","GUIL.AOS.reach",2016-06-27 12:15:00,4,0,0,0,0,32,0,520,3,0,432,2,106,0,0,0,25,0,0,0,0,142,0,0,0,1,0,35,0,0,1,0,0,6,1409,4,5,0,18.17406,-66.79868,"stream",550.7
"GUIL","GUIL.AOS.reach",2017-01-31 12:20:00,0,0,0,0,0,1,0,582,3,0,1757,0,63,0,0,0,0,0,0,0,0,367,0,0,0,0,0,12,0,0,0,1,0,158,914,1,22,0,18.17406,-66.79868,"stream",550.7
"GUIL","GUIL.AOS.reach",2017-06-21 12:08:00,0,0,0,0,3,61,0,262,5,0,1228,1,84,0,0,0,0,1,1,0,0,88,0,0,0,0,0,15,0,0,0,0,0,12,685,2,25,2,18.17406,-66.79868,"stream",550.7
"GUIL","GUIL.AOS.reach",2017-11-10 13:42:00,10,0,3,0,0,2,0,59,5,0,2165,0,103,0,0,0,0,0,0,0,0,16,0,0,0,0,0,2,0,0,0,0,0,105,45,0,48,0,18.17406,-66.79868,"stream",550.7
"GUIL","GUIL.AOS.reach",2018-01-30 12:31:00,0,0,12,0,1,6,0,209,3,0,585,0,629,0,0,0,0,1,0,0,0,278,0,0,0,0,0,11,0,0,0,0,0,0,692,0,0,0,18.17406,-66.79868,"stream",550.7
"GUIL","GUIL.AOS.reach",2018-07-03 11:45:00,0,0,0,0,1,21,0,134,0,0,1336,2,133,0,0,0,0,0,0,0,0,130,0,0,0,0,0,21,0,0,0,0,0,0,699,0,3,0,18.17406,-66.79868,"stream",550.7
"HOPB","HOPB.AOS.reach",2016-10-11 14:38:00,0,0,0,0,0,1,0,139,5,0,933,4,584,0,1,0,0,5,0,0,0,0,0,16,3,0,0,6,0,264,0,1,0,2,103,50,16,24,42.471941,-72.329526,"stream",203.4
"HOPB","HOPB.AOS.reach",2017-04-12 13:23:00,0,0,0,0,0,1,0,108,3,0,928,36,74,0,0,0,0,1,0,0,0,0,0,46,5,0,0,2,0,24,0,3,0,5,36,21,9,9,42.471941,-72.329526,"stream",203.4
"HOPB","HOPB.AOS.reach",2017-04-12 16:00:00,0,0,0,0,0,0,0,79,0,0,454,7,25,0,0,0,0,3,0,0,0,0,0,27,0,0,0,0,0,10,0,0,0,4,16,22,0,0,42.471941,-72.329526,"stream",203.4
"HOPB","HOPB.AOS.reach",2017-07-11 13:39:00,0,0,0,0,0,1,0,99,2,0,833,12,192,0,4,0,0,1,0,0,0,1,0,12,11,0,1,6,0,111,0,4,0,24,307,41,152,6,42.471941,-72.329526,"stream",203.4
"HOPB","HOPB.AOS.reach",2017-10-03 13:07:00,0,0,0,0,0,0,0,96,1,0,928,1,492,0,2,0,0,0,0,0,0,0,0,10,3,0,0,1,0,87,0,1,0,2,147,26,10,4,42.471941,-72.329526,"stream",203.4
"HOPB","HOPB.AOS.reach",2018-04-11 14:55:00,0,0,0,0,0,0,0,13,191,0,745,20,212,0,0,0,0,0,0,0,0,0,0,32,1,0,0,0,0,105,0,0,0,2,46,4,1,4,42.471941,-72.329526,"stream",203.4
"HOPB","HOPB.AOS.reach",2018-07-09 12:39:00,0,0,0,0,0,0,0,60,0,0,606,13,304,0,0,0,0,1,0,0,0,0,0,4,17,0,0,2,0,94,0,1,0,17,275,70,13,1,42.471941,-72.329526,"stream",203.4
"HOPB","HOPB.AOS.reach",2018-10-03 13:00:00,0,0,0,0,0,0,0,22,2,0,71,2,118,0,0,0,0,0,0,0,0,0,0,16,0,0,0,0,0,98,0,0,0,4,62,2,4,1,42.471941,-72.329526,"stream",203.4
"KING","KING.AOS.reach",2015-07-06 16:46:00,0,1,0,0,0,0,0,15,0,0,1053,8,78,1,0,0,0,0,0,0,0,0,0,2,0,0,0,0,0,24,0,0,0,0,31,8,0,0,39.105061,-96.603829,"stream",324.4
"KING","KING.AOS.reach",2015-07-06 17:00:00,0,0,0,0,0,1,0,27,1,0,1228,14,76,0,0,0,0,0,0,0,2,0,0,0,0,0,0,0,0,20,0,5,0,0,49,16,25,2,39.105061,-96.603829,"stream",324.4
"KING","KING.AOS.reach",2015-10-02 13:45:00,0,0,0,0,0,0,0,1,0,0,15,0,1,0,0,0,0,0,0,0,0,0,0,0,0,0,0,0,0,0,0,0,0,0,1,0,1,0,39.105061,-96.603829,"stream",324.4
"KING","KING.AOS.reach",2016-03-31 13:50:00,4,0,31,0,0,105,0,11,2,0,1835,52,21,0,2,0,0,0,0,0,0,0,0,4,0,0,0,0,0,18,0,0,0,545,136,51,65,0,39.105061,-96.603829,"stream",324.4
"KING","KING.AOS.reach",2016-06-22 12:30:00,0,0,0,0,0,3,0,2,2,0,1459,4,238,1,1,0,0,0,0,0,2,0,0,2,0,0,0,0,0,0,0,0,0,7,24,35,3,0,39.105061,-96.603829,"stream",324.4
"KING","KING.AOS.reach",2016-10-05 15:25:00,0,0,1,0,0,25,0,3,1,0,1408,0,375,0,2,0,0,0,0,0,0,1,0,0,0,0,0,3,0,7,0,0,0,2,231,6,10,0,39.105061,-96.603829,"stream",324.4
"KING","KING.AOS.reach",2017-03-27 16:46:00,0,0,4,0,0,0,0,4,0,0,170,1,7,0,1,0,0,0,0,0,0,0,0,0,0,0,0,1,0,0,0,0,0,6,3,3,18,0,39.105061,-96.603829,"stream",324.4
"KING","KING.AOS.reach",2017-07-14 14:05:00,0,0,0,0,0,3,0,6,0,0,1367,3,71,0,1,0,0,0,0,0,2,0,0,0,0,0,0,2,0,3,0,0,0,1,62,16,11,0,39.105061,-96.603829,"stream",324.4
"KING","KING.AOS.reach",2017-10-05 13:53:00,0,0,2,0,0,1,0,1,5,0,146,2,3,0,1,0,0,0,0,0,0,0,0,0,0,0,0,0,0,0,0,0,0,2,6,6,33,4,39.105061,-96.603829,"stream",324.4
"KING","KING.AOS.reach",2018-03-26 14:37:00,0,0,1,0,0,0,0,1,0,0,14,0,0,0,0,0,0,0,0,0,1,0,0,0,0,0,0,0,0,1,0,0,0,7,0,2,13,1,39.105061,-96.603829,"stream",324.4
"KING","KING.AOS.reach",2018-10-15 14:25:00,0,0,0,0,0,1,0,0,0,0,164,47,0,0,0,0,0,0,0,0,0,0,0,0,0,0,0,0,0,0,0,0,0,0,0,0,38,3,39.105061,-96.603829,"stream",324.4
"LECO","LECO.AOS.reach",2015-08-11 16:15:00,0,0,0,0,0,0,0,20,0,0,101,0,121,0,0,0,0,0,0,0,1,0,0,1,0,0,0,0,0,31,0,1,0,3,121,7,0,0,35.690428,-83.50379,"stream",579
"LECO","LECO.AOS.reach",2016-03-23 14:50:00,0,0,0,0,0,0,0,48,0,1,781,16,266,0,0,0,0,2,0,0,3,0,0,8,0,0,0,0,0,142,0,1,0,25,31,8,33,0,35.690428,-83.50379,"stream",579
"LECO","LECO.AOS.reach",2016-07-12 14:00:00,0,1,0,0,0,0,0,129,15,0,779,7,274,0,0,0,0,4,0,0,4,0,0,45,0,0,0,0,0,121,0,2,0,3,127,43,37,1,35.690428,-83.50379,"stream",579
"LECO","LECO.AOS.reach",2016-10-10 14:00:00,0,1,0,0,0,0,0,82,0,1,259,1,104,0,0,0,0,1,0,0,1,0,0,15,0,0,0,0,0,85,0,1,0,5,71,17,29,1,35.690428,-83.50379,"stream",579
"LECO","LECO.AOS.reach",2017-03-22 14:00:00,0,1,0,0,0,0,0,16,1,1,537,6,209,0,0,0,0,0,0,0,3,0,0,7,0,0,0,0,1,84,0,0,0,66,62,9,13,1,35.690428,-83.50379,"stream",579
"LECO","LECO.AOS.reach",2017-07-25 16:47:00,0,0,1,0,0,0,0,70,9,0,576,0,357,0,0,0,0,0,0,0,0,0,0,5,0,0,0,1,0,54,0,0,0,3,182,26,13,0,35.690428,-83.50379,"stream",579
"LECO","LECO.AOS.reach",2017-10-27 16:44:00,0,0,0,0,0,0,0,114,2,0,480,7,205,0,0,0,0,0,0,0,1,0,0,25,0,0,0,0,0,236,0,5,0,0,167,32,23,1,35.690428,-83.50379,"stream",579
"LECO","LECO.AOS.reach",2018-04-04 16:14:00,0,0,0,0,0,0,1,77,0,0,1076,126,461,0,0,0,0,0,0,0,0,0,0,14,0,0,0,0,0,249,0,2,0,16,29,24,20,0,35.690428,-83.50379,"stream",579
"LECO","LECO.AOS.reach",2018-07-23 16:15:00,0,0,0,0,0,0,0,190,7,0,578,109,57,0,0,0,0,0,0,0,2,0,0,22,0,0,0,0,0,74,0,2,0,2,61,52,97,0,35.690428,-83.50379,"stream",579
"LECO","LECO.AOS.reach",2018-10-16 15:34:00,0,0,0,0,0,0,0,27,0,0,119,0,60,0,0,0,0,0,0,0,0,0,0,4,0,0,0,0,0,65,0,0,0,0,39,16,2,0,35.690428,-83.50379,"stream",579
"LEWI","LEWI.AOS.reach",2016-10-24 14:18:00,0,0,0,0,0,4,0,163,0,0,58,0,5,0,0,0,0,0,0,0,0,0,0,0,1,0,0,0,0,38,0,1,0,0,51,42,0,2,39.095637,-77.983216,"stream",152
"LEWI","LEWI.AOS.reach",2017-03-24 13:16:00,2,2,0,0,0,0,0,125,0,0,853,2,131,0,0,0,0,0,0,0,5,0,0,1,0,0,0,0,0,155,0,0,0,286,153,34,539,22,39.095637,-77.983216,"stream",152
"LEWI","LEWI.AOS.reach",2017-07-10 13:50:00,3,4,0,0,0,3,0,244,0,1,529,3,25,0,0,0,0,1,0,0,34,0,0,6,3,0,0,0,0,23,0,0,0,1,185,26,775,40,39.095637,-77.983216,"stream",152
"LEWI","LEWI.AOS.reach",2017-11-06 14:45:00,0,4,0,0,0,0,0,43,6,0,724,1,135,0,0,0,0,1,0,0,8,0,1,2,0,0,0,2,0,146,0,0,0,8,190,29,90,11,39.095637,-77.983216,"stream",152
"LEWI","LEWI.AOS.reach",2018-03-23 13:57:00,0,3,0,0,0,0,0,70,4,0,1329,7,163,0,0,0,0,1,0,0,6,0,0,1,1,0,0,1,0,48,0,0,0,60,176,6,347,17,39.095637,-77.983216,"stream",152
"LEWI","LEWI.AOS.reach",2018-07-09 13:26:00,1,4,0,0,0,2,0,88,0,1,381,5,56,0,0,0,0,0,0,0,6,0,0,3,1,0,0,0,0,12,0,0,0,2,373,51,58,6,39.095637,-77.983216,"stream",152
"LEWI","LEWI.AOS.reach",2018-10-22 13:50:00,10,0,0,0,0,1,0,202,0,1,194,3,81,0,0,0,0,8,0,0,2,0,2,1,0,0,1,0,0,118,0,0,0,50,170,53,55,22,39.095637,-77.983216,"stream",152
"MART","MART.AOS.reach",2018-04-20 17:08:00,0,0,0,0,0,0,0,52,11,0,428,8,887,0,0,0,0,0,0,0,0,0,5,18,0,15,0,0,0,221,0,0,0,0,96,75,0,0,45.790835,-121.933788,"stream",337
"MART","MART.AOS.reach",2018-07-16 22:22:00,0,0,5,0,0,0,0,39,0,0,1240,6,361,0,0,0,0,0,0,0,0,0,0,1,2,3,0,0,0,105,0,0,0,1,184,198,2,0,45.790835,-121.933788,"stream",337
"MART","MART.AOS.reach",2018-10-09 16:33:00,2,0,1,0,0,0,0,70,3,0,1349,2,433,0,0,0,0,0,0,0,2,0,2,2,3,7,1,0,0,265,0,0,0,0,220,93,14,1,45.790835,-121.933788,"stream",337
"MAYF","MAYF.AOS.reach",2014-11-14 16:30:00,0,0,0,0,0,0,0,10,1,0,29,0,32,0,0,0,0,0,0,0,0,0,0,0,0,0,0,0,0,93,0,3,0,0,3,52,0,0,32.960365,-87.407688,"stream",76.7
"MAYF","MAYF.AOS.reach",2014-11-14 18:00:00,0,0,0,0,0,0,0,5,0,0,42,0,110,0,1,0,0,0,0,0,0,0,0,0,0,0,0,0,0,34,0,1,0,0,22,29,0,0,32.960365,-87.407688,"stream",76.7
"MAYF","MAYF.AOS.reach",2015-03-24 17:15:00,0,0,0,0,0,0,0,26,0,0,249,9,1,0,0,0,0,0,0,0,1,0,0,2,0,0,0,0,0,75,0,5,0,0,5,37,5,0,32.960365,-87.407688,"stream",76.7
"MAYF","MAYF.AOS.reach",2015-06-29 16:52:00,0,0,0,0,0,0,0,108,3,0,881,10,26,0,0,0,0,0,0,0,1,0,0,1,4,0,0,1,0,115,0,7,0,1,161,59,23,0,32.960365,-87.407688,"stream",76.7
"MAYF","MAYF.AOS.reach",2015-11-16 17:40:00,0,0,0,0,0,0,0,37,1,0,1122,10,18,0,0,0,0,0,0,0,0,0,0,1,1,0,0,0,0,21,0,10,0,0,23,92,12,0,32.960365,-87.407688,"stream",76.7
"MAYF","MAYF.AOS.reach",2016-03-21 16:09:00,0,0,0,0,0,0,0,38,0,0,456,21,11,0,0,0,0,0,0,0,0,0,0,0,1,0,0,0,0,141,0,0,0,0,10,46,60,0,32.960365,-87.407688,"stream",76.7
"MAYF","MAYF.AOS.reach",2016-06-29 13:40:00,0,0,0,0,0,0,0,81,2,0,837,15,11,0,0,0,0,0,0,0,0,0,0,1,0,0,0,2,0,57,0,26,0,1,54,66,11,0,32.960365,-87.407688,"stream",76.7
"MAYF","MAYF.AOS.reach",2016-10-24 13:23:00,0,0,0,0,0,0,0,5,1,0,162,0,1,0,0,0,0,0,0,0,0,0,0,0,0,0,0,0,0,0,0,0,0,0,1,4,13,0,32.960365,-87.407688,"stream",76.7
"MAYF","MAYF.AOS.reach",2016-11-29 14:47:00,0,0,0,0,0,0,0,52,14,0,753,182,68,0,0,0,0,0,0,0,1,0,0,1,0,0,0,0,0,25,0,9,0,0,22,38,21,0,32.960365,-87.407688,"stream",76.7
"MAYF","MAYF.AOS.reach",2017-03-14 14:11:00,0,0,0,0,0,0,0,14,16,0,303,122,3,0,0,0,0,0,0,0,1,0,0,17,0,0,0,1,2,16,0,1,0,0,11,33,14,0,32.960365,-87.407688,"stream",76.7
"MAYF","MAYF.AOS.reach",2017-07-18 14:51:00,0,0,0,0,0,0,0,33,1,0,422,16,9,0,0,0,0,0,0,0,0,0,0,3,0,0,0,0,0,18,0,8,0,0,17,36,8,0,32.960365,-87.407688,"stream",76.7
"MAYF","MAYF.AOS.reach",2017-07-20 14:37:00,0,3,0,0,0,0,0,0,0,0,36,0,1,0,0,0,0,0,0,0,0,0,0,0,0,0,0,0,0,0,0,0,0,0,0,2,2,1,32.960365,-87.407688,"stream",76.7
"MAYF","MAYF.AOS.reach",2017-10-30 14:53:00,0,0,0,0,0,0,0,26,2,0,803,25,32,0,0,0,0,0,0,0,0,0,0,2,0,0,0,2,0,17,0,19,0,0,19,116,29,0,32.960365,-87.407688,"stream",76.7
"MAYF","MAYF.AOS.reach",2018-03-26 14:50:00,0,0,0,0,0,0,0,12,0,0,553,12,5,0,0,0,0,0,0,0,0,0,0,0,0,0,0,0,0,221,0,2,0,0,12,31,4,0,32.960365,-87.407688,"stream",76.7
"MAYF","MAYF.AOS.reach",2018-07-26 14:17:00,0,0,0,0,0,0,0,41,2,3,562,11,43,0,1,0,0,1,0,0,0,0,0,1,1,0,0,22,0,103,0,1,0,0,74,70,5,0,32.960365,-87.407688,"stream",76.7
"MCDI","MCDI.AOS.reach",2017-03-28 17:20:00,0,0,0,0,0,3,0,3,0,0,1769,0,128,0,0,0,3,0,0,0,0,0,0,0,0,0,0,0,0,2,0,0,0,51,15,9,23,0,38.945861,-96.443022,"stream",396
"MCDI","MCDI.AOS.reach",2017-07-07 13:46:00,0,0,0,0,0,6,0,5,0,0,151,0,85,0,0,0,0,0,0,0,0,0,0,0,0,0,0,1,0,1,0,0,0,0,29,32,11,6,38.945861,-96.443022,"stream",396
"MCDI","MCDI.AOS.reach",2017-10-06 14:06:00,1,0,19,0,0,3,0,15,5,0,1019,0,240,0,2,0,0,4,0,0,0,0,0,0,1,0,0,7,0,0,0,0,0,1,64,8,21,1,38.945861,-96.443022,"stream",396
"MCDI","MCDI.AOS.reach",2018-03-27 13:30:00,0,0,6,0,0,0,0,1,0,0,34,1,27,0,0,0,0,0,0,0,0,0,0,1,0,0,0,0,0,0,0,0,0,109,1,2,41,25,38.945861,-96.443022,"stream",396
"MCDI","MCDI.AOS.reach",2018-07-11 13:57:00,0,1,0,0,0,49,0,10,0,0,158,1,15,0,0,0,0,0,0,0,0,0,0,0,0,0,0,8,0,0,0,0,0,0,1,8,196,7,38.945861,-96.443022,"stream",396
"MCDI","MCDI.AOS.reach",2018-10-03 14:35:00,7,5,1,0,0,85,0,18,0,0,736,2,113,1,0,0,0,4,0,0,0,0,0,0,0,0,0,9,0,0,1,0,0,20,1,8,131,5,38.945861,-96.443022,"stream",396
"MCRA","MCRA.AOS.reach",2017-08-01 14:30:00,0,0,0,0,0,0,0,31,0,0,472,229,613,0,0,0,0,0,0,4,0,0,4,0,27,10,3,0,0,521,0,2,0,0,246,80,0,0,44.259598,-122.165554,"stream",876
"MCRA","MCRA.AOS.reach",2017-09-25 16:42:00,0,0,0,0,0,0,0,40,11,0,254,164,786,0,0,0,0,0,0,1,0,0,4,0,1,6,0,0,0,377,0,1,0,0,561,92,0,1,44.259598,-122.165554,"stream",876
"MCRA","MCRA.AOS.reach",2018-04-30 15:48:00,0,0,0,0,0,0,0,22,6,0,666,268,572,0,0,0,0,0,0,1,0,0,4,0,2,13,1,0,0,442,0,1,0,0,112,51,0,0,44.259598,-122.165554,"stream",876
"MCRA","MCRA.AOS.reach",2018-07-23 18:16:00,0,0,0,0,0,0,0,23,7,0,853,228,395,0,0,0,0,0,0,1,0,0,1,0,11,2,0,0,0,330,0,1,0,0,134,187,0,0,44.259598,-122.165554,"stream",876
"MCRA","MCRA.AOS.reach",2018-09-24 21:56:00,1,0,0,0,0,0,0,21,11,0,1175,177,307,0,0,0,0,0,0,1,0,0,1,0,2,2,1,0,0,246,0,0,0,0,247,75,0,0,44.259598,-122.165554,"stream",876
"OKSR","OKSR.AOS.reach",2016-08-10 18:29:00,0,0,0,0,0,0,0,0,2,0,795,14,84,0,0,55,0,0,0,0,0,0,0,42,0,0,0,0,0,704,0,6,0,0,19,130,9,0,68.669753,-149.143018,"stream",766
"OKSR","OKSR.AOS.reach",2017-06-07 21:21:00,0,0,0,0,0,0,0,1,3,0,1627,17,11,0,0,17,0,0,0,0,0,0,0,61,0,0,0,0,0,217,0,10,0,0,9,143,5,0,68.669753,-149.143018,"stream",766
"OKSR","OKSR.AOS.reach",2017-07-19 19:44:00,0,0,1,0,0,1,0,0,0,0,1229,5,77,0,0,29,0,0,0,0,0,0,0,56,0,0,0,0,0,212,0,22,0,1,14,128,3,0,68.669753,-149.143018,"stream",766
"OKSR","OKSR.AOS.reach",2017-08-07 20:05:00,0,0,4,0,0,9,0,0,1,0,960,56,11,0,0,108,0,0,0,0,0,1,0,14,0,0,0,0,0,246,0,10,0,4,16,83,67,1,68.669753,-149.143018,"stream",766
"OKSR","OKSR.AOS.reach",2018-06-16 19:39:00,0,0,0,0,0,0,0,0,1,0,1659,24,11,0,0,30,0,0,0,0,0,0,0,86,0,0,0,0,0,208,0,6,0,0,5,80,19,0,68.669753,-149.143018,"stream",766
"OKSR","OKSR.AOS.reach",2018-07-09 18:31:00,0,0,0,0,0,0,0,0,0,0,1719,26,261,0,0,24,0,0,0,0,0,0,0,18,0,0,0,0,0,62,0,11,0,0,5,67,3,0,68.669753,-149.143018,"stream",766
"OKSR","OKSR.AOS.reach",2018-08-15 18:41:00,0,0,0,0,0,1,0,0,0,0,713,38,192,0,0,61,0,0,0,0,0,0,0,99,0,0,0,0,0,864,0,5,0,5,5,76,7,0,68.669753,-149.143018,"stream",766
"POSE","POSE.AOS.reach",2014-07-22 13:10:00,0,0,0,0,0,0,0,4,0,0,0,0,40,0,0,0,0,0,0,0,0,0,0,0,3,0,0,1,0,10,0,0,0,0,71,0,0,0,38.89431,-78.147258,"stream",275.8
"POSE","POSE.AOS.reach",2014-10-28 15:20:00,0,0,0,0,0,0,0,17,28,0,5,0,40,0,0,0,0,0,0,0,0,0,0,0,0,0,0,2,0,37,0,0,1,0,23,2,0,1,38.89431,-78.147258,"stream",275.8
"POSE","POSE.AOS.reach",2015-03-30 14:30:00,0,0,0,0,0,0,0,7,2,0,216,1,36,0,0,0,0,0,0,0,0,0,0,0,2,0,0,0,0,50,0,0,0,36,94,1,3,2,38.89431,-78.147258,"stream",275.8
"POSE","POSE.AOS.reach",2015-07-21 14:43:00,0,0,0,0,0,0,0,59,0,0,199,0,266,0,5,0,0,0,0,0,0,0,0,0,13,0,0,0,1,89,0,1,0,1,239,47,3,0,38.89431,-78.147258,"stream",275.8
"POSE","POSE.AOS.reach",2015-10-21 13:04:00,0,0,0,0,0,1,0,21,13,0,335,4,38,0,0,0,0,0,0,0,0,0,0,0,1,0,0,1,0,41,0,1,0,0,47,14,4,4,38.89431,-78.147258,"stream",275.8
"POSE","POSE.AOS.reach",2016-03-23 13:40:00,0,0,0,0,0,0,0,0,2,0,64,1,9,0,0,0,0,0,0,0,0,0,0,0,0,0,0,0,0,110,0,0,0,3,16,0,0,0,38.89431,-78.147258,"stream",275.8
"POSE","POSE.AOS.reach",2016-07-18 13:50:00,0,0,0,0,0,0,0,84,4,0,466,0,293,0,0,0,0,0,0,0,0,0,0,0,10,0,0,1,0,125,0,0,0,5,347,105,14,2,38.89431,-78.147258,"stream",275.8
"POSE","POSE.AOS.reach",2016-10-31 14:01:00,0,0,0,0,0,0,1,41,105,1,98,2,47,0,0,0,0,0,0,0,0,1,0,0,1,0,0,1,0,25,0,0,0,0,31,14,3,0,38.89431,-78.147258,"stream",275.8
"POSE","POSE.AOS.reach",2017-03-17 13:03:00,0,0,1,0,0,0,0,95,30,0,1385,2,177,0,0,0,0,0,0,0,0,0,1,1,5,0,0,1,0,260,0,0,0,196,170,52,79,4,38.89431,-78.147258,"stream",275.8
"POSE","POSE.AOS.reach",2017-07-17 13:10:00,0,0,0,0,0,9,11,83,7,0,1162,2,255,0,0,0,0,1,0,0,0,0,0,0,8,0,0,3,0,269,0,0,0,3,354,50,188,32,38.89431,-78.147258,"stream",275.8
"POSE","POSE.AOS.reach",2017-10-23 12:44:00,0,0,2,0,0,1,0,52,76,0,1545,2,103,0,0,0,0,0,0,0,0,0,3,0,0,0,0,0,0,146,0,0,0,5,120,54,74,1,38.89431,-78.147258,"stream",275.8
"POSE","POSE.AOS.reach",2018-03-16 13:19:00,0,0,0,0,0,2,0,100,17,1,1457,16,94,0,0,0,0,0,0,0,0,0,0,1,2,0,0,3,0,270,0,7,0,129,117,20,79,5,38.89431,-78.147258,"stream",275.8
"POSE","POSE.AOS.reach",2018-07-16 13:21:00,0,0,0,0,0,2,0,90,0,0,1215,10,233,0,0,0,0,0,0,0,0,0,2,4,5,0,0,4,0,210,0,0,0,2,198,54,164,13,38.89431,-78.147258,"stream",275.8
"PRIN","PRIN.AOS.reach",2016-07-28 13:10:00,0,54,0,0,0,4,0,34,0,0,614,1,363,0,1,0,0,0,0,0,0,6,0,1,0,0,0,133,0,0,0,0,0,0,361,48,14,255,33.378517,-97.782312,"stream",253.2
"PRIN","PRIN.AOS.reach",2016-10-25 15:45:00,0,51,0,0,0,4,0,31,0,0,1247,0,433,0,0,0,0,0,0,0,0,3,0,1,0,0,0,111,0,0,0,0,0,0,210,34,73,145,33.378517,-97.782312,"stream",253.2
"PRIN","PRIN.AOS.reach",2017-02-20 17:30:00,0,47,0,0,0,9,0,19,0,0,1697,4,173,0,0,0,0,1,0,0,0,1,0,0,0,0,0,10,0,1,0,0,0,5,28,6,13,99,33.378517,-97.782312,"stream",253.2
"PRIN","PRIN.AOS.reach",2017-07-03 14:22:00,0,213,2,0,0,4,0,27,0,0,620,0,557,0,0,0,0,4,0,0,0,0,0,0,0,0,0,55,0,0,0,5,0,0,181,47,20,139,33.378517,-97.782312,"stream",253.2
"PRIN","PRIN.AOS.reach",2017-10-23 16:15:00,2,26,0,0,0,31,0,51,0,0,895,1,170,0,0,0,0,3,0,0,0,0,0,0,0,0,0,101,0,3,0,0,0,7,53,23,63,55,33.378517,-97.782312,"stream",253.2
"PRIN","PRIN.AOS.reach",2018-02-19 15:54:00,5,52,44,0,0,13,0,62,0,0,1297,0,164,0,0,0,0,8,0,0,0,0,0,0,0,0,0,16,0,9,0,2,0,21,19,10,39,44,33.378517,-97.782312,"stream",253.2
"PRIN","PRIN.AOS.reach",2018-10-30 16:12:00,1,0,0,0,0,5,0,7,1,0,902,0,11,0,0,0,0,1,0,0,0,1,0,0,0,0,0,4,0,1,0,0,0,0,3,2,3,5,33.378517,-97.782312,"stream",253.2
"PRLA","PRLA.AOS.buoy.c0",2014-09-17 19:40:00,0,0,0,0,0,0,0,0,0,0,12,0,0,0,0,0,0,0,0,0,0,0,0,0,0,0,0,0,0,0,0,0,0,0,0,0,0,0,47.159718,-99.118723,"lake",561
"PRLA","PRLA.AOS.buoy.c0",2015-05-14 19:57:00,0,4,0,0,0,0,0,0,0,0,264,0,0,0,0,0,0,0,0,0,0,0,0,0,0,0,0,0,0,0,0,0,0,0,0,0,0,0,47.159718,-99.118723,"lake",561
"PRLA","PRLA.AOS.buoy.c0",2015-07-22 14:12:00,0,0,0,0,0,0,0,0,0,0,76,0,0,0,1,0,0,0,0,0,0,0,0,0,0,0,0,0,0,0,0,0,0,0,0,0,0,0,47.159718,-99.118723,"lake",561
"PRLA","PRLA.AOS.buoy.c0",2016-07-06 13:40:00,0,0,0,0,0,0,0,0,0,0,4,0,0,0,0,0,0,0,0,0,0,0,0,0,0,0,0,0,0,0,0,0,0,0,0,0,0,0,47.159718,-99.118723,"lake",561
"PRLA","PRLA.AOS.inlet",2014-09-17 19:40:00,0,0,0,0,0,0,0,0,0,0,2,0,0,0,3,0,0,0,0,0,0,0,0,0,0,0,0,0,0,0,0,0,0,0,3,0,0,0,47.158845,-99.114183,"lake",562.9
"PRLA","PRLA.AOS.inlet",2015-05-14 19:57:00,0,4,0,0,0,0,0,0,0,0,36,0,0,0,0,0,0,0,0,0,0,0,0,0,0,0,0,0,0,0,0,0,0,0,0,0,12,14,47.158845,-99.114183,"lake",562.9
"PRLA","PRLA.AOS.inlet",2015-07-22 14:12:00,0,6,0,0,0,0,0,0,0,0,44,0,0,0,0,0,0,0,0,0,0,0,0,0,0,0,0,0,0,0,0,0,0,0,10,0,410,42,47.158845,-99.114183,"lake",562.9
"PRLA","PRLA.AOS.inlet",2015-09-23 14:00:00,0,14,0,0,6,0,0,0,0,0,2,0,0,0,2,0,0,0,0,0,0,0,0,0,0,0,0,0,0,0,0,0,0,0,26,0,124,36,47.158845,-99.114183,"lake",562.9
"PRLA","PRLA.AOS.inlet",2016-07-06 13:40:00,0,34,0,0,1,0,0,0,0,0,326,0,0,0,10,0,0,0,0,0,0,0,0,0,0,0,0,0,0,0,1,0,0,5,6,0,80,3,47.158845,-99.114183,"lake",562.9
"PRLA","PRLA.AOS.outlet",2014-09-17 19:40:00,0,8,0,0,1,0,0,0,0,0,6,0,0,0,0,0,0,0,0,0,0,0,0,0,0,0,0,0,0,0,0,0,0,0,0,0,0,3,47.160881,-99.120245,"lake",562.9
"PRLA","PRLA.AOS.outlet",2015-05-14 19:57:00,0,284,0,0,4,0,0,0,0,0,66,0,0,0,0,0,0,0,0,0,0,0,0,0,0,0,0,0,0,0,0,0,0,2,18,0,42,10,47.160881,-99.120245,"lake",562.9
"PRLA","PRLA.AOS.outlet",2015-07-22 14:12:00,0,1,0,0,0,0,0,0,0,0,9,0,0,0,0,0,0,0,0,0,0,0,0,0,0,0,0,0,0,0,0,0,0,0,0,0,1,14,47.160881,-99.120245,"lake",562.9
"PRLA","PRLA.AOS.outlet",2015-09-23 14:00:00,0,2,0,0,2,0,0,0,0,0,70,0,0,0,2,0,0,0,0,0,0,0,0,0,0,0,0,0,0,0,0,0,0,0,0,0,0,0,47.160881,-99.120245,"lake",562.9
"PRLA","PRLA.AOS.outlet",2016-07-06 13:40:00,0,6,0,0,0,0,0,0,0,0,13,0,0,0,2,0,0,0,0,0,0,0,0,0,0,0,0,0,0,0,0,0,0,0,0,0,0,12,47.160881,-99.120245,"lake",562.9
"PRLA","PRLA.AOS.riparian.point.01",2014-09-17 19:40:00,0,92,2,0,0,0,0,1,0,0,2,0,0,0,50,0,0,0,0,0,0,0,0,0,0,0,0,0,0,0,0,0,0,0,0,16,0,0,47.16041,-99.120862,"lake",564.2
"PRLA","PRLA.AOS.riparian.point.01",2015-05-14 19:57:00,0,134,0,0,0,0,0,0,0,0,8,0,0,0,8,0,0,0,0,0,0,0,0,0,0,0,0,0,0,0,0,0,0,10,0,2,0,0,47.16041,-99.120862,"lake",564.2
"PRLA","PRLA.AOS.riparian.point.01",2015-09-23 14:00:00,0,98,0,0,0,0,0,0,0,0,0,0,0,0,47,0,0,0,0,0,0,0,0,0,0,0,0,0,0,0,0,0,0,2,1,8,0,4,47.16041,-99.120862,"lake",564.2
"PRLA","PRLA.AOS.riparian.point.02",2015-05-14 19:57:00,0,38,0,0,0,0,0,0,0,0,0,0,0,0,0,0,0,0,0,0,0,0,0,0,0,0,0,0,0,0,0,0,0,0,0,0,0,0,47.161496,-99.118068,"lake",564.5
"PRLA","PRLA.AOS.riparian.point.02",2016-07-06 13:40:00,0,8,0,0,0,0,0,0,0,0,11,0,0,0,320,0,0,0,0,0,0,0,0,0,0,0,0,0,0,0,0,0,0,0,2,13,0,0,47.161496,-99.118068,"lake",564.5
"PRLA","PRLA.AOS.riparian.point.03",2015-07-22 14:12:00,0,116,0,0,2,0,0,2,0,0,42,0,0,0,98,0,0,0,0,0,0,0,0,0,0,0,0,0,0,0,0,0,0,1,20,8,116,4,47.161713,-99.115755,"lake",564.4
"PRLA","PRLA.AOS.riparian.point.03",2015-09-23 14:00:00,0,0,0,0,0,0,0,0,0,0,2,0,0,0,5,0,0,0,0,0,0,0,0,0,0,0,0,0,0,0,0,0,0,1,0,0,0,0,47.161713,-99.115755,"lake",564.4
"PRLA","PRLA.AOS.riparian.point.04",2015-05-14 19:57:00,0,0,0,0,0,0,0,0,0,0,2,0,0,0,0,0,0,0,0,0,0,0,0,0,0,0,0,0,0,0,2,0,0,0,0,0,0,0,47.162789,-99.11502,"lake",564.1
"PRLA","PRLA.AOS.riparian.point.04",2016-07-06 13:40:00,0,8,0,0,0,0,0,0,0,0,4,0,0,0,287,0,0,0,0,0,0,0,0,0,0,0,0,0,0,0,0,0,0,0,0,29,1,1,47.162789,-99.11502,"lake",564.1
"PRLA","PRLA.AOS.riparian.point.05",2015-07-22 14:12:00,0,264,0,0,2,0,0,0,0,0,2,0,0,0,314,0,0,0,0,0,0,0,0,0,0,0,0,0,0,0,2,0,0,0,22,12,0,22,47.161979,-99.113416,"lake",564.3
"PRLA","PRLA.AOS.riparian.point.05",2015-09-23 14:00:00,0,104,1,0,0,4,0,4,0,0,70,0,1,0,16,0,0,0,0,0,0,0,0,0,0,0,0,4,0,0,1,0,0,0,11,2,0,0,47.161979,-99.113416,"lake",564.3
"PRLA","PRLA.AOS.riparian.point.06",2015-05-14 19:57:00,0,114,0,0,0,0,0,6,0,0,4,2,0,0,14,0,0,0,0,0,0,0,0,0,0,0,0,0,0,0,0,0,0,0,8,2,0,0,47.160532,-99.113847,"lake",563.9
"PRLA","PRLA.AOS.riparian.point.06",2016-07-06 13:40:00,0,140,0,0,0,0,0,0,0,0,120,0,0,0,236,0,0,0,0,0,0,0,0,0,0,0,0,8,0,0,0,0,0,15,10,3,2,2,47.160532,-99.113847,"lake",563.9
"PRLA","PRLA.AOS.riparian.point.07",2015-09-23 14:00:00,0,152,0,0,1,0,0,0,0,0,138,0,0,0,14,0,0,0,0,0,0,0,0,0,0,0,0,2,0,0,0,0,0,0,4,1,0,3,47.158533,-99.114713,"lake",564.6
"PRLA","PRLA.AOS.riparian.point.08",2015-05-14 19:57:00,0,42,0,0,0,0,0,0,0,0,126,0,0,0,2,0,0,0,0,0,0,0,0,0,0,0,0,0,0,0,0,0,0,16,0,0,0,10,47.157105,-99.116611,"lake",564.1
"PRLA","PRLA.AOS.riparian.point.08",2016-07-06 13:40:00,0,46,0,0,0,0,0,2,0,0,14,0,0,0,627,0,0,0,0,0,0,0,0,0,0,0,0,0,0,0,0,0,0,0,0,44,0,5,47.157105,-99.116611,"lake",564.1
"PRLA","PRLA.AOS.riparian.point.09",2015-07-22 14:12:00,0,10,0,0,0,0,0,0,0,0,1,0,0,0,279,0,0,0,0,0,0,0,0,0,0,0,0,0,0,0,0,0,0,0,5,23,14,0,47.158039,-99.119199,"lake",564.7
"PRLA","PRLA.AOS.riparian.point.09",2015-09-23 14:00:00,0,67,0,0,1,1,0,0,0,0,93,0,0,0,6,0,0,0,0,0,0,0,0,0,0,0,0,0,0,0,0,0,0,9,2,1,8,6,47.158039,-99.119199,"lake",564.7
"PRLA","PRLA.AOS.riparian.point.10",2016-07-06 13:40:00,0,25,0,0,0,0,0,0,0,0,10,0,0,0,254,0,0,0,0,0,0,0,0,0,0,0,0,0,0,0,0,0,0,1,5,12,2,5,47.15842,-99.121143,"lake",564.3
"PRPO","PRPO.AOS.buoy.c0",2015-07-09 14:30:00,0,0,0,0,0,0,0,0,0,0,40,0,0,0,0,0,0,0,0,0,0,0,0,0,0,0,0,0,0,0,0,0,0,0,0,0,0,0,47.130692,-99.253482,"lake",590
"PRPO","PRPO.AOS.buoy.c0",2015-09-16 14:15:00,0,0,0,0,0,0,0,0,0,0,3,0,0,0,0,0,0,0,0,0,0,0,0,0,0,0,0,0,0,0,0,0,0,0,0,0,0,0,47.130692,-99.253482,"lake",590
"PRPO","PRPO.AOS.buoy.c0",2016-04-28 13:50:00,0,1,0,0,0,0,0,0,0,0,15,0,0,0,0,0,0,0,0,0,0,0,0,0,0,0,0,0,0,0,0,0,0,0,0,0,0,0,47.130692,-99.253482,"lake",590
"PRPO","PRPO.AOS.buoy.c0",2016-07-14 17:00:00,0,12,0,0,0,0,0,0,0,0,186,0,0,0,0,0,0,0,0,0,0,0,0,0,0,0,0,0,0,0,0,0,0,0,0,2,0,0,47.130692,-99.253482,"lake",590
"PRPO","PRPO.AOS.inlet",2015-05-12 19:00:00,0,0,0,0,0,0,0,0,0,0,54,2,0,0,0,0,0,0,0,0,0,0,0,0,0,0,0,0,0,0,0,0,0,6,0,0,0,0,47.129671,-99.254694,"lake",591
"PRPO","PRPO.AOS.inlet",2015-07-09 14:30:00,0,26,0,0,0,2,0,0,0,0,304,0,0,0,0,0,0,0,0,0,0,0,0,0,0,0,0,0,0,0,0,0,0,0,0,0,6,2,47.129671,-99.254694,"lake",591
"PRPO","PRPO.AOS.inlet",2015-09-16 14:15:00,0,0,0,0,0,0,0,0,0,0,12,0,0,0,0,0,0,0,0,0,0,0,0,0,0,0,0,0,0,0,0,0,0,0,0,0,2,2,47.129671,-99.254694,"lake",591
"PRPO","PRPO.AOS.inlet",2016-04-28 13:50:00,0,68,0,0,0,0,0,0,0,0,34,0,0,0,0,0,0,0,0,0,0,0,0,0,0,0,0,0,0,0,1,0,0,0,1,0,3,0,47.129671,-99.254694,"lake",591
"PRPO","PRPO.AOS.inlet",2016-07-14 17:00:00,0,458,0,0,0,0,0,0,0,0,34,0,0,0,0,0,0,0,0,0,0,0,0,0,0,0,0,0,0,0,6,0,0,0,0,2,96,0,47.129671,-99.254694,"lake",591
"PRPO","PRPO.AOS.outlet",2014-09-16 20:28:00,0,7,0,0,0,0,0,0,0,0,8,0,0,0,1,0,0,0,0,0,0,0,0,0,0,0,0,0,0,0,0,0,0,0,1,0,0,0,47.131108,-99.250809,"lake",591.2
"PRPO","PRPO.AOS.outlet",2015-05-12 19:00:00,0,2,0,0,0,0,0,0,0,0,296,8,0,0,0,0,0,0,0,0,0,0,0,0,0,0,0,0,0,0,0,0,0,16,8,0,10,2,47.131108,-99.250809,"lake",591.2
"PRPO","PRPO.AOS.outlet",2015-07-09 14:30:00,0,46,0,0,0,2,0,0,0,0,80,6,0,0,0,0,0,0,0,0,0,0,0,0,0,0,0,0,0,0,0,0,0,6,4,0,148,0,47.131108,-99.250809,"lake",591.2
"PRPO","PRPO.AOS.outlet",2015-09-16 14:15:00,0,155,0,0,0,2,0,0,0,0,50,0,0,0,0,0,0,0,0,0,0,0,0,0,0,0,0,0,0,0,0,0,0,0,13,0,12,1,47.131108,-99.250809,"lake",591.2
"PRPO","PRPO.AOS.outlet",2016-04-28 13:50:00,0,82,0,0,0,0,0,0,0,0,36,0,0,0,0,0,0,0,0,0,0,0,0,0,0,0,0,0,0,0,1,0,0,0,0,0,17,0,47.131108,-99.250809,"lake",591.2
"PRPO","PRPO.AOS.outlet",2016-07-14 17:00:00,0,130,0,0,0,2,0,0,0,0,0,0,0,0,0,0,0,0,0,0,0,0,0,0,0,0,0,0,0,0,8,0,0,0,0,0,2,0,47.131108,-99.250809,"lake",591.2
"PRPO","PRPO.AOS.riparian.point.01",2016-07-14 17:00:00,0,596,0,0,0,4,0,6,0,0,0,0,0,0,16,0,0,0,0,0,0,0,0,0,0,0,0,0,0,0,0,0,0,0,2,8,0,0,47.130336,-99.250391,"lake",589.6
"PRPO","PRPO.AOS.riparian.point.02",2015-05-12 19:00:00,0,0,0,0,0,0,0,0,0,0,10,0,0,0,4,0,0,0,0,0,0,0,0,0,0,0,0,0,0,0,0,0,0,6,0,0,0,0,47.129339,-99.251479,"lake",590.5
"PRPO","PRPO.AOS.riparian.point.02",2015-07-09 14:30:00,0,36,0,0,0,28,0,6,0,0,40,76,0,0,0,0,0,0,0,0,0,0,0,0,0,0,0,0,0,0,0,0,0,148,4,0,18,0,47.129339,-99.251479,"lake",590.5
"PRPO","PRPO.AOS.riparian.point.02",2016-04-28 13:50:00,0,1,0,0,0,1,0,0,0,0,4,0,0,0,8,0,0,0,0,0,0,0,0,0,0,0,0,0,0,0,0,0,0,1,0,0,0,0,47.129339,-99.251479,"lake",590.5
"PRPO","PRPO.AOS.riparian.point.03",2014-09-16 20:28:00,0,1,0,0,0,2,0,1,0,0,0,0,0,0,12,0,0,0,0,0,0,0,0,0,0,0,0,0,0,0,0,0,0,0,1,0,0,0,47.128397,-99.252532,"lake",590.5
"PRPO","PRPO.AOS.riparian.point.03",2016-07-14 17:00:00,0,620,0,0,0,0,0,0,0,0,0,0,0,0,36,0,0,0,0,0,0,0,0,0,0,0,0,0,0,0,0,0,0,0,0,2,0,0,47.128397,-99.252532,"lake",590.5
"PRPO","PRPO.AOS.riparian.point.04",2015-05-12 19:00:00,0,0,0,0,0,0,0,0,2,0,98,2,0,0,6,0,0,0,0,0,0,0,0,0,0,0,0,0,0,0,0,0,0,40,0,0,2,0,47.127615,-99.25385,"lake",590.4
"PRPO","PRPO.AOS.riparian.point.04",2015-07-09 14:30:00,0,0,0,0,0,30,0,0,0,0,68,0,0,0,14,0,0,0,0,0,0,0,0,0,0,0,0,0,0,0,0,2,0,332,0,0,2,0,47.127615,-99.25385,"lake",590.4
"PRPO","PRPO.AOS.riparian.point.04",2015-09-16 14:15:00,0,16,0,0,0,16,0,0,0,0,2,0,2,0,104,0,0,0,0,0,0,0,0,0,0,0,0,2,0,0,0,0,0,0,4,0,0,0,47.127615,-99.25385,"lake",590.4
"PRPO","PRPO.AOS.riparian.point.04",2016-04-28 13:50:00,0,0,0,0,0,1,0,0,0,0,0,0,0,0,0,0,0,0,0,0,0,0,0,0,0,0,0,0,0,0,1,0,0,0,0,0,2,0,47.127615,-99.25385,"lake",590.4
"PRPO","PRPO.AOS.riparian.point.05",2014-09-16 20:28:00,0,0,0,0,0,2,0,0,0,0,7,1,0,0,5,0,0,0,0,0,0,0,0,0,0,0,0,0,0,0,0,0,0,1,0,0,3,0,47.127959,-99.25508,"lake",590.2
"PRPO","PRPO.AOS.riparian.point.05",2016-07-14 17:00:00,0,470,0,0,0,0,0,0,0,0,8,0,0,0,94,0,0,0,0,0,0,0,0,0,0,0,0,0,0,0,4,0,0,6,0,36,2,0,47.127959,-99.25508,"lake",590.2
"PRPO","PRPO.AOS.riparian.point.06",2015-05-12 19:00:00,0,0,0,0,0,0,0,0,0,0,6,0,0,0,10,0,0,0,0,0,0,0,0,0,0,0,0,0,0,0,0,0,0,6,0,0,0,0,47.129155,-99.255139,"lake",591.7
"PRPO","PRPO.AOS.riparian.point.06",2015-07-09 14:30:00,0,6,0,0,0,24,0,0,0,0,186,8,0,0,0,0,0,0,0,0,0,0,0,0,0,0,0,0,0,0,0,0,0,326,0,2,34,2,47.129155,-99.255139,"lake",591.7
"PRPO","PRPO.AOS.riparian.point.06",2015-09-16 14:15:00,0,262,0,0,4,68,0,2,0,0,148,0,8,0,82,0,0,0,0,0,0,0,0,0,0,0,0,2,0,0,12,0,0,2,24,2,16,0,47.129155,-99.255139,"lake",591.7
"PRPO","PRPO.AOS.riparian.point.07",2014-09-16 20:28:00,0,2,0,0,0,1,0,0,0,0,0,0,0,0,10,0,0,0,0,0,0,0,0,0,0,0,0,0,0,0,0,0,0,0,0,0,0,0,47.130142,-99.254748,"lake",590.9
"PRPO","PRPO.AOS.riparian.point.07",2016-07-14 17:00:00,0,536,0,0,0,0,0,2,0,0,6,0,0,0,94,0,0,0,0,0,0,0,0,0,0,0,0,0,0,0,4,0,0,0,0,0,24,0,47.130142,-99.254748,"lake",590.9
"PRPO","PRPO.AOS.riparian.point.08",2015-05-12 19:00:00,0,0,0,0,0,0,0,2,0,0,14,0,0,0,48,0,0,0,0,0,0,0,0,0,0,0,0,0,0,0,0,0,0,0,0,0,0,2,47.131309,-99.254597,"lake",590.7
"PRPO","PRPO.AOS.riparian.point.08",2015-07-09 14:30:00,0,6,0,0,0,10,0,0,0,0,106,12,0,0,2,0,0,0,0,0,0,0,0,0,0,0,0,0,0,0,0,0,0,408,2,0,82,0,47.131309,-99.254597,"lake",590.7
"PRPO","PRPO.AOS.riparian.point.08",2015-09-16 14:15:00,0,14,0,0,0,4,0,0,0,0,0,0,0,0,0,0,0,0,0,0,0,0,0,0,0,0,0,0,0,0,2,0,0,0,0,0,0,0,47.131309,-99.254597,"lake",590.7
"PRPO","PRPO.AOS.riparian.point.09",2014-09-16 20:28:00,0,0,0,0,0,3,0,0,0,0,0,0,0,0,2,0,0,0,0,0,0,0,0,0,0,0,0,0,0,0,0,0,0,0,1,0,0,0,47.131673,-99.252767,"lake",590.2
"PRPO","PRPO.AOS.riparian.point.09",2016-07-14 17:00:00,0,342,0,0,0,0,0,0,0,0,2,0,0,0,44,0,0,0,0,0,0,0,0,0,0,0,0,0,0,0,2,0,0,2,0,2,0,0,47.131673,-99.252767,"lake",590.2
"PRPO","PRPO.AOS.riparian.point.10",2015-05-12 19:00:00,0,0,0,0,0,0,0,0,0,0,2,0,0,0,8,0,0,0,0,0,0,0,0,0,0,0,0,0,0,0,0,0,0,0,0,0,0,0,47.131438,-99.251132,"lake",590.4
"PRPO","PRPO.AOS.riparian.point.10",2015-07-09 14:30:00,0,6,0,0,0,38,0,4,0,0,62,4,0,0,6,0,0,0,0,0,0,0,0,0,0,0,0,0,0,0,0,0,0,430,2,0,18,0,47.131438,-99.251132,"lake",590.4
"PRPO","PRPO.AOS.riparian.point.10",2015-09-16 14:15:00,0,4,0,0,0,48,0,0,0,0,4,0,0,0,0,0,0,0,0,0,0,0,0,0,0,0,0,0,0,0,0,0,0,0,0,0,0,0,47.131438,-99.251132,"lake",590.4
"PRPO","PRPO.AOS.riparian.point.10",2016-04-28 13:50:00,0,24,0,0,0,4,0,0,0,0,4,0,0,0,16,0,0,0,0,0,0,0,0,0,0,0,0,0,0,0,0,0,0,2,0,0,0,0,47.131438,-99.251132,"lake",590.4
"REDB","REDB.AOS.reach",2015-10-12 15:30:00,0,0,0,0,0,0,0,29,2,0,318,0,475,0,0,0,0,0,0,0,0,0,0,2,0,10,98,0,4,102,0,0,0,0,117,34,6,58,40.783934,-111.797887,"stream",1694.2
"REDB","REDB.AOS.reach",2016-10-17 17:05:00,0,0,0,0,0,0,0,68,3,0,742,7,430,0,0,0,0,0,0,0,0,0,135,26,1,12,0,0,0,216,0,0,0,0,231,93,59,391,40.783934,-111.797887,"stream",1694.2
"REDB","REDB.AOS.reach",2017-03-29 17:38:00,0,0,0,0,0,0,0,119,0,0,1099,19,177,0,0,1,0,0,0,0,0,0,79,5,0,33,0,0,0,81,0,0,0,1,52,26,78,579,40.783934,-111.797887,"stream",1694.2
"REDB","REDB.AOS.reach",2017-07-12 15:35:00,0,0,0,0,0,0,0,156,0,0,298,9,291,1,0,0,0,0,0,0,0,0,82,0,0,18,0,0,0,878,0,2,0,0,19,257,53,209,40.783934,-111.797887,"stream",1694.2
"REDB","REDB.AOS.reach",2017-10-04 16:58:00,0,0,0,0,0,0,0,114,0,0,553,8,392,0,0,0,0,0,0,0,0,0,80,8,0,36,12,0,0,638,0,0,0,0,49,61,39,376,40.783934,-111.797887,"stream",1694.2
"REDB","REDB.AOS.reach",2018-03-29 17:56:00,0,0,0,0,0,0,0,73,0,0,867,17,231,0,0,0,0,0,0,0,0,0,205,17,0,61,0,0,0,117,0,0,0,1,44,36,40,744,40.783934,-111.797887,"stream",1694.2
"REDB","REDB.AOS.reach",2018-07-10 18:08:00,0,0,0,0,0,0,0,81,0,0,716,56,82,0,0,0,0,0,0,0,0,0,98,4,1,20,0,0,0,524,0,0,0,0,29,179,42,285,40.783934,-111.797887,"stream",1694.2
"REDB","REDB.AOS.reach",2018-09-27 17:01:00,0,0,4,0,0,0,0,115,0,0,556,6,361,0,0,0,0,0,0,0,0,0,309,8,0,11,36,0,0,245,0,0,0,0,85,56,36,703,40.783934,-111.797887,"stream",1694.2
"SUGG","SUGG.AOS.buoy.c0",2014-07-17 13:05:00,0,0,0,0,0,0,0,5,0,0,91,0,29,0,0,0,0,0,0,0,0,0,0,0,0,0,0,9,0,0,0,102,0,0,7,20,44,0,29.688149,-82.017318,"lake",30
"SUGG","SUGG.AOS.buoy.c0",2016-02-11 16:00:00,0,0,0,0,0,0,0,0,0,0,154,0,0,0,0,0,0,0,0,0,0,0,0,0,0,0,0,0,0,0,0,2,0,0,0,0,0,0,29.688149,-82.017318,"lake",30
"SUGG","SUGG.AOS.inlet",2014-07-17 13:05:00,0,2,0,0,0,0,0,2,0,1,89,0,31,0,0,0,0,1,0,0,0,0,0,0,0,0,0,8,0,0,0,16,0,0,11,61,136,0,29.685093,-82.018412,"lake",30.2
"SUGG","SUGG.AOS.inlet",2016-02-11 16:00:00,0,0,0,0,0,0,0,0,0,0,16,0,0,0,0,0,0,0,0,0,0,0,0,0,0,0,0,0,0,0,0,1,0,0,0,0,5,0,29.685093,-82.018412,"lake",30.2
"SUGG","SUGG.AOS.outlet",2014-07-17 13:05:00,0,6,0,0,0,0,0,0,0,0,114,0,16,0,0,0,0,0,0,0,0,0,0,0,0,0,0,6,0,0,0,73,0,0,2,66,32,0,29.687601,-82.020598,"lake",30.3
"SUGG","SUGG.AOS.outlet",2016-02-11 16:00:00,0,0,0,0,0,0,0,0,0,0,21,0,0,0,0,0,0,0,0,0,0,0,0,0,0,0,0,0,0,0,0,0,0,0,0,0,0,0,29.687601,-82.020598,"lake",30.3
"SUGG","SUGG.AOS.riparian.point.01",2014-07-17 13:05:00,0,0,0,0,0,1,0,0,0,0,49,0,3,0,2,0,0,0,0,0,0,0,0,0,0,0,0,7,0,0,0,4,0,0,0,3,256,0,29.689972,-82.015337,"lake",27.9
"SUGG","SUGG.AOS.riparian.point.03",2014-07-17 13:05:00,0,0,0,0,0,0,0,0,0,2,130,0,17,0,0,0,0,0,0,0,0,0,0,0,0,0,0,6,0,0,0,27,0,0,5,0,164,0,29.69038,-82.019605,"lake",27.9
"SUGG","SUGG.AOS.riparian.point.05",2014-07-17 13:05:00,0,0,0,0,0,0,0,0,0,3,46,0,8,0,2,0,0,0,0,0,0,0,0,0,0,0,0,7,0,0,0,4,0,0,3,3,305,0,29.687067,-82.020473,"lake",27.9
"SUGG","SUGG.AOS.riparian.point.07",2014-07-17 13:05:00,0,0,0,0,0,0,0,1,0,1,94,0,20,0,0,0,0,0,0,0,0,0,0,0,0,0,0,10,0,0,0,6,0,0,4,0,224,0,29.684758,-82.018516,"lake",27.9
"SUGG","SUGG.AOS.riparian.point.09",2014-07-17 13:05:00,0,0,0,0,0,0,0,0,0,0,58,0,29,0,1,0,0,1,0,0,0,0,0,0,0,0,0,4,0,0,0,20,0,0,0,0,244,0,29.686477,-82.014568,"lake",27.9
"SYCA","SYCA.AOS.reach",2017-07-03 17:30:00,0,0,4,0,0,40,0,4,8,0,349,0,45,0,20,0,0,6,0,0,1,2,0,0,0,0,0,5,0,0,0,0,0,167,7,27,160,0,33.750993,-111.508091,"stream",645
"WALK","WALK.AOS.reach",2015-07-08 16:00:00,0,74,1,0,0,0,0,131,1,1,967,4,111,0,1,0,0,0,0,0,0,1,0,1,5,0,139,0,0,377,0,3,0,0,95,66,64,3,35.957378,-84.279251,"stream",264.2
"WALK","WALK.AOS.reach",2015-07-08 16:10:00,0,170,0,0,0,0,3,135,6,2,828,0,82,0,4,0,0,0,0,0,0,1,0,0,4,0,134,3,0,305,0,3,0,0,98,76,64,15,35.957378,-84.279251,"stream",264.2
"WALK","WALK.AOS.reach",2015-10-26 16:00:00,0,37,0,0,0,0,0,102,32,0,857,1,133,0,1,0,0,0,0,0,0,0,0,0,1,0,172,1,0,47,0,4,0,2,170,113,70,18,35.957378,-84.279251,"stream",264.2
"WALK","WALK.AOS.reach",2016-03-10 13:10:00,0,233,0,0,0,0,0,219,5,3,766,3,163,0,1,0,0,0,0,0,0,0,0,2,8,0,150,3,0,728,0,2,0,0,245,44,40,7,35.957378,-84.279251,"stream",264.2
"WALK","WALK.AOS.reach",2016-07-05 13:00:00,0,149,0,0,0,0,1,165,2,3,847,2,96,0,1,0,0,0,0,0,0,0,0,4,11,0,154,6,0,378,0,5,0,1,160,30,211,13,35.957378,-84.279251,"stream",264.2
"WALK","WALK.AOS.reach",2016-10-31 15:30:00,0,22,0,0,0,0,0,207,29,1,459,1,85,0,0,0,0,2,0,0,0,0,0,1,2,0,152,0,0,25,0,3,0,0,63,15,67,17,35.957378,-84.279251,"stream",264.2
"WALK","WALK.AOS.reach",2017-03-07 13:51:00,0,189,0,0,0,0,0,149,20,2,725,4,76,0,0,0,0,0,0,0,0,0,0,3,2,0,164,3,0,388,0,0,0,6,122,16,47,5,35.957378,-84.279251,"stream",264.2
"WALK","WALK.AOS.reach",2017-07-10 13:08:00,0,117,0,0,0,0,0,105,4,4,731,3,73,0,0,0,0,0,0,0,0,0,0,3,7,0,275,6,0,343,0,1,0,4,72,18,56,20,35.957378,-84.279251,"stream",264.2
"WALK","WALK.AOS.reach",2017-10-16 14:04:00,0,45,1,0,0,0,0,147,4,2,409,2,121,0,0,0,0,2,0,0,0,0,0,1,6,0,258,5,0,24,0,2,0,0,298,23,85,49,35.957378,-84.279251,"stream",264.2
"WALK","WALK.AOS.reach",2018-03-13 13:39:00,0,135,0,0,0,0,0,195,2,1,432,3,127,0,0,0,0,2,0,0,0,0,0,5,1,0,56,5,0,664,0,6,0,1,139,39,17,3,35.957378,-84.279251,"stream",264.2
"WALK","WALK.AOS.reach",2018-07-17 13:21:00,0,108,0,0,0,0,0,332,0,0,806,2,135,0,0,0,0,1,0,0,0,0,0,12,10,0,228,3,0,256,0,0,0,1,102,95,52,25,35.957378,-84.279251,"stream",264.2
"WALK","WALK.AOS.reach",2018-10-30 12:38:00,0,36,0,0,0,0,0,316,9,1,565,1,109,0,0,0,0,6,0,0,0,0,0,12,0,0,213,5,0,45,0,35,0,0,151,41,53,52,35.957378,-84.279251,"stream",264.2
"WLOU","WLOU.AOS.reach",2017-05-30 16:33:00,0,0,0,0,0,0,0,22,3,0,967,236,444,0,0,0,0,0,0,0,0,0,0,2,0,4,0,0,0,322,0,9,0,17,41,37,1,0,39.891366,-105.915395,"stream",2908
"WLOU","WLOU.AOS.reach",2017-07-10 14:48:00,0,0,0,0,0,0,0,55,2,0,953,148,221,0,0,0,0,0,0,0,0,1,0,92,0,10,0,0,0,285,0,15,0,1,19,28,28,0,39.891366,-105.915395,"stream",2908
"WLOU","WLOU.AOS.reach",2017-09-14 17:38:00,0,0,0,0,0,0,0,17,6,0,1398,75,119,0,0,0,0,0,0,0,0,0,0,8,0,5,0,0,0,196,0,5,0,23,16,45,0,0,39.891366,-105.915395,"stream",2908
"WLOU","WLOU.AOS.reach",2018-05-17 14:38:00,0,0,0,0,0,0,0,12,5,0,999,130,421,0,0,0,0,0,0,0,0,0,0,37,0,5,0,0,0,215,0,3,0,4,12,22,0,0,39.891366,-105.915395,"stream",2908
"WLOU","WLOU.AOS.reach",2018-07-25 17:02:00,0,0,0,0,0,0,0,50,1,0,1081,364,187,0,0,0,0,0,0,0,0,0,0,24,0,5,0,0,0,204,0,1,0,1,3,21,22,0,39.891366,-105.915395,"stream",2908
"WLOU","WLOU.AOS.reach",2018-09-11 17:18:00,0,0,0,0,0,0,0,49,2,0,1104,325,172,0,0,0,0,2,0,0,0,0,0,22,0,1,0,0,0,288,0,1,0,0,8,9,1,0,39.891366,-105.915395,"stream",2908
